profile,GemsFDTD,hmmer,sphinx3,milc,cactusADM,tonto,bwaves,lbm,wrf,gcc,leslie3d,gromacs,sjeng,calculix,astar,zeusmp,povray,omnetpp,mcf,bzip2,h264ref,perlbench,xalancbmk,dealII,namd,gamess,libquantum,soplex,gobmk
os-1,1.0,0.9999791017798633,0.9987912966088958,1.0080296965029754,0.9999564660381195,0.9999638459040903,1.0,0.999982746391737,0.9996783806182092,0.9886706015251995,0.9980903796243678,0.9999948743643001,0.9999959878319374,0.999993402460624,0.996988990564066,0.9999797408041882,0.9999982801834463,0.9997896157924829,1.0,0.9999498687241422,0.9991920839177558,0.9999510383083413,0.9999780130221612,0.9995745550675524,0.9999952836825422,0.9999986011744199,1.0,0.9965743044642048,0.9994332247214777
profile,GemsFDTD,hmmer,sphinx3,gobmk,cactusADM,tonto,bwaves,lbm,wrf,bzip2,leslie3d,gromacs,sjeng,calculix,astar,zeusmp,povray,omnetpp,mcf,gcc,h264ref,perlbench,xalancbmk,dealII,namd,libquantum,gamess,soplex,milc
os-3,1.0,1.0000845741858098,1.0003253888464074,1.0006738405271218,0.9999897881866521,1.0000164817329409,1.0,0.9999999825255813,1.0002890154040982,1.0000469536116794,1.0037600892215863,1.0000054896491997,1.0000003343440487,1.000002509381963,1.0027523940434409,0.9999999193642881,1.0000007831349387,1.0000221397922626,1.0,1.016889157794137,1.005308633017469,1.0000917536574583,1.000026510920858,1.0005076462496583,1.0000038880390054,1.0,1.000002715381243,1.00214153537053,0.9989050975382433
profile,GemsFDTD,hmmer,sphinx3,milc,cactusADM,tonto,bwaves,lbm,wrf,bzip2,leslie3d,gromacs,sjeng,calculix,astar,zeusmp,povray,omnetpp,mcf,gcc,h264ref,perlbench,xalancbmk,dealII,namd,gamess,libquantum,soplex,gobmk
os-2,1.0,1.0000750877749092,1.0003558008441642,0.9989033755247035,0.9999892452925043,1.0000154280137301,1.0,0.9999999825255813,1.000280425193466,1.0000249097493668,1.0025026224530496,1.0000053177761914,1.0000002735551188,1.0000020493294,1.0025660316589287,0.9999999193642881,1.0000002456890096,1.0000083435886231,1.0,1.0154751415920649,1.0048892870084967,1.0000816369263117,1.0000173546365914,1.000469909896174,1.000000997364007,1.0000023697856095,1.0,1.0012691974816679,1.0005616422687302
