profile,GemsFDTD,hmmer,sphinx3,milc,cactusADM,tonto,bwaves,lbm,wrf,bzip2,leslie3d,gromacs,sjeng,calculix,astar,zeusmp,povray,omnetpp,mcf,gcc,h264ref,perlbench,xalancbmk,dealII,namd,gamess,libquantum,soplex,gobmk
os-1,1.0,0.999978994546256,0.9988213244556138,0.9998507793939139,0.999990542082045,0.9999666314546631,1.0,0.9999932642399234,0.9996655675409759,0.9999486127373425,0.998124093443995,0.9999703509960589,0.9999966824130001,0.9999934032228247,0.9966432469075093,0.9999823421032633,0.9999977913076586,0.9997695348249516,1.0,0.9889091920646685,0.999293207951452,0.9999548846132084,0.9999785568714641,0.9995792095534535,0.999997268084383,0.9999989408540297,1.0,0.9966077901012188,0.9993892073895165
profile,GemsFDTD,hmmer,sphinx3,gobmk,cactusADM,tonto,bwaves,lbm,wrf,bzip2,leslie3d,gromacs,sjeng,calculix,astar,zeusmp,povray,milc,omnetpp,mcf,gcc,h264ref,perlbench,xalancbmk,dealII,namd,gamess,libquantum,soplex
os-3,1.0,1.000084141618088,1.000328916990922,1.000631662633587,1.0000002092030442,1.0000134229594424,1.0,0.9999977190028049,1.000301844935034,1.000047462339097,1.0036763206287482,1.0000030198125718,1.0000003540115914,1.0000025090966105,1.0025322906363994,0.9999998736797789,1.0000016035796637,1.0000490624805605,1.0000467750921174,1.0,1.0167899126422126,1.004842163133779,1.0000928211981652,1.000027369535872,1.0005072614599635,1.0000075212817785,1.0000030633813242,1.0,1.0020934066939418
profile,GemsFDTD,hmmer,sphinx3,gobmk,cactusADM,tonto,bwaves,lbm,wrf,gcc,leslie3d,gromacs,sjeng,calculix,astar,zeusmp,povray,omnetpp,mcf,bzip2,h264ref,perlbench,xalancbmk,dealII,namd,libquantum,gamess,soplex,milc
os-2,1.0,1.0000746438610058,1.0003689835630494,1.0004757058129685,0.9999998366206637,1.0000125176798036,1.0,0.9999977190028049,1.0002782517407556,1.0156203699732635,1.002425114081482,1.0000031394090099,1.0000002933272798,1.0000020490963624,1.0029446222983756,0.9999998736797789,1.0000012556309503,1.000032887306519,1.0,1.000021525541468,1.004456849442812,1.0000759299616444,1.0000183889822667,1.0004694229071698,1.0000048905062728,1.0,1.000002818962079,1.0012539178541782,1.000045764312539
