,lru,tadip,drrip-3,ucp,pipp,pipp-min8,prism
mpki-avg-00,1.00048811161,0.993004446072,1.0356315152,1.21559388769,1.07989968492,1.00177311396
mpki-avg-01,1.00064297316,0.980885352805,1.00735064524,1.13560502584,1.0560405292,0.983681544177
mpki-avg-02,0.999966513815,0.980805968344,1.00184373635,1.10065209018,1.04661673853,1.00125172297
mpki-4-avg-00,1.00308237825,0.999961822826,1.028872256,1.00547131109,0.998349978203,1.00109963699
mpki-4-avg-01,1.01286390899,0.988091982148,1.17733336031,1.88303022666,1.52282920184,1.05870378609
mpki-4-avg-02,1.00147744501,0.985899981303,1.06821545724,1.31831018687,1.1543569673,1.01174580311
mpki-4-avg-03,1.00025317288,1.00239869071,1.02805759596,1.21474637725,1.04181493686,1.00216933154
mpki-4-avg-04,0.995967164965,0.987832867548,0.999226657628,1.12854077167,1.01037021247,0.98518590332